{
  "mean_final_reward": 4312.03459752,
  "std_final_reward": 752.2976455356608,
  "mean_training_time": 5655.5771624,
  "total_runs_completed": 5,
  "experiment_timestamp": "20251030_161648",
  "timestamp": "2025-10-31T00:08:27.979001"
}