{
  "mean_final_length": 61.010000000000005,
  "std_final_length": 27.106519510995874,
  "completed_runs": 5,
  "total_runs": 5
}